<LibraryDocument xmlns:xsi="http://www.w3.org/2001/XMLSchema-instance" xmlns:xsd="http://www.w3.org/2001/XMLSchema"><Properties><Property Name="HasTemporaryContent" Value="False" /></Properties><Contents><Content UniqueId="dbd88375-af53-4ab8-beda-c870cf15c1a6" Hash="" Description="Content_60d2a1c1-4a36-4843-8902-90cd78b86a46" RelativePath="Content_60d2a1c1-4a36-4843-8902-90cd78b86a46" FullPath="\\aarcwivpap11424\prod\SWD\Eurosoft\Bluecell\1.0.0\" SingleFile="false" StorageType="FileSystem" FullOwnership="false" OriginalPath="\\aarcwivpap11424\prod\SWD\Eurosoft\Bluecell\1.0.0\" OriginalStorage="FileSystem" /></Contents><EntryObjects><Object Path="SMS_Application.ModelName='ScopeId_E69D26B5-DADA-499A-8D17-9D8EB22522EB/Application_03bd8133-cca3-4015-a57b-dc1af7a11255',CIVersion=9" Type="SMS_Application" /></EntryObjects></LibraryDocument>